9241	Un uomo in camicia bianca e pantaloni neri sta camminando sul marciapiede.
1358	Un uomo in camicia bianca e pantaloni neri sta guardando qualcosa.
8412	Un uomo in camicia rossa e jeans blu sta facendo una foto.
219	Una donna con una maglietta blu e una gonna nera e una gonna rossa con una borsa nera sulla spalla destra.
1576	Un gruppo di persone sta camminando lungo una sentiera di montagna.
6486	Un uomo con un cappello da baseball sta lavorando con macchinari complicati.
9592	Un gruppo di persone sta protestando per strada.
6005	Un uomo con un cappello da bowler e una giacca di pelle nera sta suonando il saxofono.
8561	Un uomo in camicia bianca suona un saxofono.
5016	Un uomo con una camicia nera e una donna con una maglietta bianca e un cappello da Chicago stanno camminando per una strada.
2851	Un uomo con un cappello nero e una camicia nera sta lavorando ad un progetto di costruzione.
10005	Un bambino che gioca con una palla rossa.
2523	Un uomo in camicia bianca e pantaloni neri sta camminando per una strada.
199	Un uomo in camicia bianca e pantaloni neri sta guardando qualcosa.
2103	Una donna in bikini blu si sta mettendo in posa per una foto.
9274	Un uomo con un cappello da bowler e una camicia rossa sta facendo una foto.
2429	Un uomo con un cappello da baseball e una maglietta blu sta parlando con una donna con un vestito bianco.
1284	Un uomo con un cappello da baseball sta spazzando la strada.
4556	Un uomo in camicia bianca e pantaloni neri sta guardando qualcosa.
5581	Un uomo in kayak in acque accidentate.
7492	Un gruppo di persone che guidano cammelli.
3539	Una donna con una maglietta blu sta mangiando.
9088	Un uomo in bicicletta salta su una collina sporca.
4007	Un uomo in camicia bianca e pantaloni neri sta giocando a tennis.
2906	Un uomo con un cappello da cowboy guida un cavallo marrone.
6334	Un cane bianco e marrone che corre in un campo.
2044	Un uomo e una donna che saltano in una piscina.
2956	Un uomo in camicia bianca e pantaloni neri sta guardando un prodotto.
7909	Un uomo con una camicia nera e dei pantaloni neri salta in aria con le braccia strette mentre un uomo in camicia bianca 
2803	Un uomo con un cappello da baseball sta lavorando con macchinari complicati.
5541	Un uomo con gli occhiali che indossa una camicia a strisce bianche e nere e un cappello da baseball sta guardando una telecamera.
8554	Una donna con un vestito bianco e un uomo con una borsa nera sono seduti accanto ad un uomo con una maglietta nera.
6376	Un uomo con un cappello da cowboy guida un cavallo marrone.
9506	Un uomo con un cappello da baseball sta lavorando con macchinari complicati.
6067	Una donna con una maglietta blu e un ragazzo con una maglietta rossa sono seduti accanto a un muro di pietra.
10124	Una donna con un cappello da baseball e una maglietta blu sta facendo scoppiare un volante sulla sua bicicletta.
9354	Un bambino che gioca con una palla da calcio.
973	Un cane nero che nuota in acqua.
8872	Un cane bianco e marrone corre attraverso un campo.
8199	Un uomo in camicia bianca e pantaloni neri sta camminando per una strada.
2180	Un uomo in camicia nera e jeans blu è in piedi su una scala con un uomo in camicia bianca e pantaloni neri.
8280	Un uomo in camicia bianca e pantaloni neri sta guardando qualcosa.
6078	Un cane nero che nuota in acqua.
8362	Un uomo in camicia bianca e pantaloni neri sta guardando qualcosa.
1030	Un uomo in camicia bianca e pantaloni neri sta guardando qualcosa.
828	Un uomo e una donna sono seduti su una panchina.
9978	Un uomo in camicia bianca e pantaloni neri sta camminando per una strada.
4881	Un uomo con il casco in mountain bike che salta su una collina sporca.
6532	Un uomo con un cappello rigido arancione e un gilet arancione sta lavorando su un tetto con un martello.
6781	Un uomo in camicia bianca e pantaloni neri sta camminando su un sentiero sporco.
9888	Un uomo in camicia bianca e pantaloni neri sta camminando per una strada.
6258	Un gruppo di persone sedute a un tavolo a bere.
9323	Un uomo in camicia rossa e pantaloni neri sta facendo un calcio a mezzaria.
8611	Un uomo con un cappello da bowler e una camicia rossa sta facendo una foto.
1417	Un uomo con una maglietta nera e una donna con una maglietta bianca e un uomo in maglietta blu stanno parlando.
2909	Un uomo con un cappello da baseball sta lavorando con il legno.
10469	Un surfista in muta nera segue unonda.
1771	Un ragazzo con una maglietta blu sta saltando su un altro ragazzo in maglietta blu.
4902	Un uomo con un cappello nero e una camicia nera sta per colpire una palla da tennis.
134	Un giocatore di baseball che batte una mazza.
318	Un uomo in camicia bianca e pantaloni neri sta guardando qualcosa.
5595	Un uomo con un cappello da baseball sta lavorando ad una scultura di ghiaccio.
2197	Un giocatore di basket che indossa un maglietto rosso e bianco mentre i fan della squadra opposta lo guardano.
3701	Un cane bianco e nero salta su un ostacolo.
6661	Un uomo e una donna stanno camminando in un campo.
6031	Un uomo con un casco e un gilet arancione che guida una moto.
9039	Un cane bianco e marrone corre attraverso un campo erboso.
7682	Un uomo con un cappello da bowler e una camicia rossa sta lavorando ad un progetto di rimodellamento.
8175	Un bambino con una maglietta blu e dei pantaloni blu sta mangiando.
2113	Una donna con una maglietta blu e una gonna bianca e una gonna nera corta sta camminando sul marciapiede.
6283	Un gruppo di persone sta protestando per strada.
10010	Un uomo con un cappello da baseball sta camminando in una parata.
8084	Un cane marrone che corre nella neve.
1044	Un uomo con un cappello da bowler e una camicia rossa sta lavorando ad un progetto di rimodellamento.
9959	Un giocatore di calcio in maglietta verde e bianca calcia una palla gialla.
5580	Un uomo con una giacca di pelle e un cappello nero con una borsa nera sulla spalla destra.
2551	Un uomo con gli occhiali che tiene in braccio un bambino.
8070	Un uomo con una camicia nera e una donna con una maglietta blu sono in piedi tra la folla.
10330	Un gruppo di persone che camminano per strada.
1981	Un uomo in camicia blu sta lavorando su un tetto.
4452	Un uomo con un cappello nero e una giacca nera sta guardando qualcosa.
8054	Una bambina con un vestito giallo è seduta su una panchina con un bambino in grembo.
8519	Un uomo in camicia bianca e pantaloni neri sta guardando qualcosa.
6796	Un gruppo di persone sta viaggiando su una barca.
7170	Un uomo in camicia bianca e pantaloni neri sta camminando su un sentiero.
8486	Un cane nero corre sulla neve.
1202	Un uomo in camicia bianca e pantaloni neri sta guardando qualcosa.
615	Un uomo con un cappello da baseball sta guidando una bicicletta.
5330	Un cane nero corre sulla sabbia.
5970	Un cane nero che corre sulla spiaggia.
10097	Un uomo in camicia bianca e pantaloni neri sta camminando per una strada.
89	Un gruppo di persone sta camminando lungo una sentiera di montagna.
1390	Un uomo con un cappello da baseball sta aiutando un altro uomo con un cappello da baseball.
5743	Un uomo con gli occhiali da sole e una maglietta blu sta mangiando.
8631	Un uomo e una donna sono seduti su una panchina.
4027	Un uomo in camicia bianca e pantaloni neri sta guidando una bicicletta.
9911	Un uomo in camicia bianca e pantaloni neri sta giocando a pool.
4313	Un uomo in muta nera sta facendo surf su una tavola da surf.
5343	Un cane nero corre sulla spiaggia.
9519	Un uomo in camicia bianca e pantaloni neri sta camminando per una strada.
917	Un uomo in camicia bianca e occhiali da sole sta mangiando un panino.
6306	Un uomo in camicia bianca e pantaloni neri sta parlando con un uomo in camicia bianca.
3130	Una donna con un vestito bianco e un cappello bianco sta facendo una foto.
2330	Un gruppo di persone sta protestando per strada.
8185	Un cane bianco e marrone che corre in un campo.
4879	Un uomo in muta nera sta facendo surf su una tavola da surf.
8267	Un uomo in camicia blu e pantaloni neri sta camminando lungo un sentiero.
5989	Un uomo in camicia bianca e pantaloni neri sta camminando per una strada.
25	Un uomo con una camicia nera e una donna con una maglietta bianca e una gonna nera e una donna con una maglietta 
2433	Un uomo in camicia bianca e pantaloni neri sta guardando un uomo in camicia bianca che suona una chitarra acustica.
9266	Un uomo con un cappello da baseball sta spazzando la strada.
3771	Un uomo in camicia bianca e pantaloni neri sta guardando qualcosa.
9013	Un uomo in camicia bianca e occhiali da sole sta parlando con un uomo in camicia bianca.
5621	Un ragazzo con luniforme da baseball che lancia una palla da calcio.
3162	Un uomo con una giacca di pelle e un cappello nero con una borsa nera sulla spalla destra.
4041	Un uomo con un cappello nero e una camicia nera sta suonando una chitarra acustica.
6921	Un gruppo di bambini che gioca a basket.
5160	Un cane nero e marrone che corre in un campo.
8740	Un gruppo di bambini che gioca a basket in una palestra.
304	Un uomo in camicia rossa e pantaloni neri sta facendo una postura a mano su un molo con un uomo in camicia bianca 
1196	Una bambina che gioca con i giocattoli.
2788	Una donna con una maglietta blu e un uomo con una maglietta blu sono seduti a un tavolo a bere.
7973	Un uomo in camicia bianca e pantaloni neri sta camminando per una strada.
3109	Un uomo in camicia bianca e occhiali da sole sta parlando al microfono.
661	Un gruppo di persone che suonano strumenti.
6250	Un uomo con una camicia nera e dei pantaloni neri salta in aria con le braccia strette mentre un uomo in camicia bianca 
10171	Un bambino con una maglietta blu e dei pantaloni neri si siede su una sedia e tiene in mano un pipistrello.
3459	Un gruppo di persone che danzano sul palco.
1206	Un uomo in camicia nera sta mangiando un panino.
9736	Un cane nero che corre sulla neve.
9065	Un ragazzo e una ragazza che giocano a calcio.
6068	Una donna con una maglietta blu e una gonna nera e una gonna nera corta sta fumando.
1306	Un uomo con una camicia nera e dei pantaloni neri salta in aria su una tavola da surf.
9885	Un uomo con un cappello e una camicia a fiore si aggrappa a un palo.
4343	Un cane bianco e marrone che corre in un campo.
520	Un uomo in camicia bianca e pantaloni neri sta guardando qualcosa.
3082	Un uomo in bicicletta che fa trucchi di skateboarding.
7153	Un uomo con un cappello da pesca sta scavalcando con una bacchetta di pesca in spiaggia.
10239	Un uomo con gli occhiali e una camicia nera sta mangiando.
340	Un uomo con un cappello da baseball sta guidando una bicicletta.
2112	Un uomo in camicia bianca e pantaloni neri sta guardando una donna seduta su una panchina.
8015	Una donna con una maglietta blu e dei pantaloni neri che corre su una strada asfaltata.
51	Un bambino che gioca con una palla da tennis.
10235	Un uomo con una camicia nera e una donna con una maglietta bianca e una gonna nera e una donna con una maglietta 
9797	Un uomo con una camicia nera e un cappello da baseball sta guardando una telecamera.
7597	Una ragazza con un vestito bianco e dei sospegni darcobaleno che spuntano da un lago.
3972	Un uomo con una muta e un casco da bicicletta fa un salto in aria.
3951	Un uomo con un cappello da baseball sta guidando una bicicletta.
4367	Un uomo con un cappello nero e una giacca blu è in piedi accanto a un cartello.
5881	Un uomo con un cappello rigido sta lavorando su un pezzo di legno.
10390	Un uomo con una camicia nera e un cappello nero suona una tastiera elettronica.
7584	Un uomo con una camicia nera e dei pantaloni neri sta facendo snowboard su una pendenza.
3648	Un uomo e una donna sono seduti su una panchina.
5867	Un cane bianco e nero che salta in aria per prendere una Frisbee.
7750	Un cane marrone che corre in un campo.
3245	Un uomo in kayak in mare aperto.
9074	Un uomo con un cappello da bowler e una camicia nera sta per prendere un sorso da una panchina.
972	Un uomo in camicia bianca e pantaloni neri sta camminando su un ponte.
7962	Un uomo in camicia bianca e pantaloni neri sta guardando un bambino che dorme.
9979	Un uomo e una donna seduti su una panchina.
34	Un cane bianco e marrone che corre in un campo.
9776	Un uomo e una donna che si abbracciano.
2124	Un cane bianco e marrone che corre in un campo.
133	Un gruppo di persone che camminano sul lato di una montagna.
1984	Un uomo con una chitarra e un microfono che canta.
3774	Un uomo in camicia bianca e pantaloni neri sta guardando qualcosa.
1646	Un uomo e una donna stanno camminando lungo una strada asfaltata.
9242	Un uomo in camicia bianca e pantaloni neri sta camminando sul marciapiede.
4562	Un uomo in camicia bianca e occhiali da sole sta mangiando un panino.
5947	Un cane bianco e marrone che corre in un campo.
3097	Un cane bianco e marrone che nuota in un corpo dacqua.
856	Un uomo in camicia bianca e pantaloni neri sta guardando un bambino che dorme.
2678	Un gruppo di persone sedute a un tavolo a bere birre.
6694	Un uomo con una camicia nera e un cappello da baseball sta suonando una chitarra acustica.
8079	Un uomo con un cappello da baseball sta lavorando con il legno.
7739	Un cane bianco e nero salta su un ostacolo.
5760	Un bambino che dorme con una coperta rosa.
6549	Un uomo con un cappello da baseball sta camminando per una strada.
906	Un uomo con un cappello da baseball sta camminando per una strada.
10379	Una donna con una maglietta blu e dei pantaloni neri che corre su una strada asfaltata.
565	Un uomo in camicia bianca e pantaloni neri sta guardando una donna seduta su una panchina.
9598	Un ragazzo in maglietta blu e pantaloni neri sta saltando su un trampolino.
1983	Un uomo con una chitarra e un microfono che canta.
3826	Una donna con un vestito bianco e un cappello bianco sta camminando per una strada.
670	Un uomo con una camicia nera e una donna con una maglietta bianca e una gonna blu stanno guardando una donna seduta su 
4028	Un uomo in camicia bianca e pantaloni neri sta guardando una donna in camicia bianca e pantaloni neri che si sta preparando per 
9609	Un gruppo di bambini gioca a basket in una palestra.
9285	Un gruppo di persone che giocano a football.
760	Un uomo in camicia bianca e pantaloni neri sta guardando qualcosa.
6008	Un uomo con un cappello da baseball blu e una camicia nera sta per colpire una palla da tennis.
472	Un uomo in camicia bianca e pantaloni neri sta giocando a tennis.
5327	Un uomo con un cappello da bowler e una giacca di salvataggio seduto su un tavolo con una tovaglia rossa.
434	Un uomo in camicia bianca e pantaloni neri sta camminando sul marciapiede.
1480	Un uomo con un cappello nero e una camicia bianca sta giocando a una partita sportiva.
3834	Una donna con un vestito bianco e un cappello bianco sta camminando lungo una strada asfaltata.
7702	Una ragazza con un vestito bianco e una tiara si sta mettendo in posa per una foto.
8776	Un uomo con gli occhiali da sole e una camicia nera sta mangiando.
1987	Una donna con una maglietta blu e una gonna nera e una gonna nera corta sta fumando.
5441	Un cane bianco e nero che corre sulla spiaggia.
8674	Un ragazzo in piscina che gioca a badminton.
5618	Un uomo in camicia bianca e occhiali da sole sta suonando il piano.
8364	Un uomo con una giacca di pelle e un cappello nero che suona la chitarra.
1310	Un gruppo di persone sta protestando per strada.
3451	Un cane nero corre sulla spiaggia.
8528	Un uomo con un cappello da baseball e una maglietta blu sta parlando con una donna con una maglietta rossa.
259	Un uomo con un cappello e una camicia a strascico si siede su una panchina di legno.
5964	Un uomo in camicia bianca e pantaloni neri sta suonando una chitarra.
3078	Un uomo e una donna sono in spiaggia.
2955	Un uomo in camicia bianca e pantaloni neri sta camminando su un marciapiede.
5854	Un uomo con un cappello da baseball e una giacca di pelle nera sta guardando un altro uomo che tiene in mano un 
222	Un gruppo di persone sta camminando lungo una strada di pietra calcarea con un ombrello.
5171	Un uomo e una donna stanno camminando lungo un sentiero di montagna.
8811	Un uomo con un cappello da bowler e una camicia rossa sta parlando con un uomo in camicia bianca.
9803	Un uomo con una camicia nera e dei pantaloni neri sta facendo snowboard su una superficie curva.
8940	Un cane bianco e nero che salta su un ostacolo.
2848	Un uomo con un cappello da baseball sta aiutando un altro uomo con un cappello da cowboy.
5835	Un bambino in camicia rossa e pantaloni neri si sta mettendo in posa per una foto con una macchina fotografica.
3703	Un bambino che dorme con una coperta rosa.
9579	Un uomo con un casco da bicicletta e un casco da bicicletta che guida una moto.
10376	Un gruppo di persone si riunisce intorno a un tavolo con un portatile e un proiettore.
4510	Un cane marrone corre sulla neve.
7507	Un uomo in camicia bianca e pantaloni neri sta dormendo su un divano.
8225	Un uomo con un cappello da baseball è in piedi su una collina di fronte a un grande bacino dacqua.
9342	Un uomo con una camicia nera e dei pantaloni neri salta in aria su una corda.
9531	Due giocatori di basket che guardano verso il pallone.
4501	Una ragazzina con una maglietta blu sta mangiando una torta.
6002	Un uomo in camicia bianca e pantaloni neri sta camminando per una strada.
1023	Un uomo con un cappello da bowler e una giacca di pelle nera che tiene in mano un cartello.
8903	Un gruppo di persone sta camminando lungo un sentiero verso unarea fendita circondata da alberi.
5807	Un uomo in camicia blu e pantaloni neri sta camminando lungo un sentiero.
4801	Un uomo in camicia bianca e pantaloni neri sta camminando sul marciapiede.
8654	Un uomo in camicia bianca e pantaloni neri sta camminando su un marciapiede.
9502	Un uomo in camicia bianca e pantaloni neri sta correndo una maratona.
2600	Un gruppo di persone sta attorno ad un uomo con un cappello da cowboy.
539	Un uomo con un cappello nero e una camicia nera sta suonando la chitarra.
8274	Un uomo in camicia bianca e pantaloni neri sta camminando sul marciapiede.
9328	Un gruppo di persone che suonano strumenti.
8023	Un uomo in camicia bianca e pantaloni neri sta camminando per una strada.
1305	Un uomo in camicia bianca e pantaloni neri sta camminando per una strada.
4942	Un bambino che gioca con una palla da calcio.
2130	Un uomo e una donna che camminano lungo una strada.
10106	Un uomo con una giacca di pelle e un cappello nero che parla a un gruppo di persone.
7263	Un uomo in camicia bianca e pantaloni neri sta guardando una donna in camicia bianca e jeans blu.
3500	Un uomo in camicia bianca e pantaloni neri sta guardando una donna in camicia bianca e nera a una scrivania.
887	Una donna con un vestito bianco e un cappello bianco sta facendo una danza.
7581	Un uomo con un cappello rigido sta lavorando su un tetto.
8708	Una donna con una maglietta blu sta mangiando.
97	Un uomo con un cappello rigido sta lavorando su un tetto.
1072	Un uomo in bicicletta che fa un trucco in aria.
2139	Un uomo con un cappello da baseball e una maglietta blu sta guidando una bicicletta.
7631	Un gruppo di persone sedute a un tavolo con dei fogli di carta.
8337	Un uomo in camicia bianca e pantaloni neri sta camminando per una strada.
5724	Un cane nero che corre in un campo.
137	Un uomo in camicia nera e jeans sta facendo un trucco su uno skateboard.
5701	Un uomo con una camicia nera e dei pantaloni neri salta in aria su una roccia.
2054	Un uomo con un cappello da baseball e una maglietta blu sta parlando con una donna con una maglietta rossa.
4686	Un bambino che gioca con un giocattolo in un parco giochi.
4748	Un uomo in camicia bianca e pantaloni neri sta guardando un bambino che sta dormendo.
2690	Un ragazzo in maglietta blu gioca con una palla da calcio.
3087	Un uomo in camicia bianca e pantaloni neri sta camminando per una strada.
8427	Un uomo in camicia bianca e pantaloni neri sta facendo una foto mentre si trova vicino allacqua.
1610	Un gruppo di bambini seduti a un tavolo a bere.
279	Una ragazza con una maglietta rosa e jeans blu sta saltando su una corda rossa.
7986	Una ragazza con un vestito bianco e dei sospegni darcobaleno.
9908	Un uomo in muta nera sta facendo surf su una tavola da surf.
1594	Un uomo in camicia bianca e pantaloni neri sta camminando su un sentiero.
2412	Un bambino che indossa una maglietta con scritto MAKE SOME NOISE inclina la testa lateralmente.
4402	Un uomo in camicia verde e pantaloni neri sta guidando una bicicletta.
8831	Un gruppo di bambini sta giocando a Twister.
4816	Un uomo con gli occhiali che indossa una camicia a strisce bianche e nere e un cappello da baseball sta guardando una telecamera.
734	Un gruppo di persone sta camminando lungo una sentiera di montagna.
2319	Un uomo in camicia bianca e pantaloni neri sta camminando per una strada.
1343	Un uomo con una camicia nera e dei pantaloni neri salta in aria su una corda.
3437	Un uomo in camicia bianca e pantaloni neri sta guardando qualcosa.
6300	Una donna con una maglietta nera e jeans blu sta facendo una foto.
9492	Un uomo con un cappello da bowler e una camicia rossa sta facendo una foto.
124	Un uomo in camicia bianca e pantaloni neri sta parlando con un uomo in camicia bianca.
1821	Un uomo in camicia bianca e pantaloni neri sta guardando qualcosa.
9058	Un uomo con un cappello da baseball e una maglietta blu sta guidando una bicicletta.
4882	Un ragazzo in maglietta blu e pantaloni cachi si siede su una panchina del parco.
2458	Un uomo in muta blu sta nuotando in acque sconnesse.
2410	Una donna con una maglietta blu sta guardando una donna in camicia bianca e un uomo in camicia nera che condividono un pasto.
3476	Un bambino che dorme con una coperta rosa.
6242	Un uomo in camicia bianca e pantaloni neri sta camminando sul marciapiede.
8993	Un uomo con una camicia nera e una donna con una maglietta blu sono in piedi con le mani alzate.
1401	Un uomo con un cappello da cowboy guida un cavallo marrone.
10088	Un uomo con un cappello nero e una giacca blu è in piedi accanto a un cartello.
7874	Un uomo con gli occhiali che lavora su un pezzo di legno.
7791	Un cane bianco e marrone corre attraverso un campo.
395	Un uomo in camicia bianca e pantaloni neri sta camminando per una strada.
246	Un uomo con gli occhiali e una camicia nera sta mangiando.
9673	Un uomo in bicicletta che fa un trucco in aria.
8322	Un gruppo di persone che camminano per strada.
6127	Un uomo in camicia nera e jeans blu è in piedi su una strada.
748	Un gruppo di bambini che gioca a basket.
228	Un uomo in camicia bianca e occhiali da sole sta parlando con un uomo in camicia bianca.
1895	Una donna con una maglietta blu e un uomo con una maglietta blu sono seduti a un tavolo con una tovaglia rossa.
4317	Un uomo con un cappello da baseball sta guidando una bicicletta.
487	Un ragazzo in camicia rossa e pantaloni neri sta saltando su una corda rossa e nera.
2572	Un uomo in camicia bianca e occhiali da sole sta mangiando un panino.
6192	Un gruppo di persone che camminano sul marciapiede.
10287	Un gruppo di persone sta camminando lungo una strada asfaltata.
1723	Un uomo con un cappello da baseball sta spazzando il pavimento.
8982	Un bambino che gioca con una palla rossa.
9308	Un uomo in camicia bianca e pantaloni neri sta correndo una maratona.
8766	Un cane bianco e nero salta su un ostacolo.
2161	Un uomo con un cappello da bowler e una giacca di salvataggio seduto su una sedia.
3412	Un uomo in camicia bianca e pantaloni neri sta guardando qualcosa.
9223	Un ragazzo in maglietta blu gioca con una palla da calcio.
7881	Un uomo con una giacca di pelle e un cappello nero con una bandiera canadese cammina sul marciapiede.
2131	Un gruppo di persone che camminano per strada.
7639	Un uomo in camicia bianca e occhiali da sole sta parlando con un uomo in camicia bianca.
654	Un uomo e una donna in posa per una foto.
6733	Due bambini giocano in una fontana.
1833	Un cane nero che corre in acqua.
754	Un uomo in kayak in mare aperto.
7542	Un uomo con un cappello da baseball sta lavorando con il legno.
6830	Un gruppo di persone si riunisce intorno a un tavolo con un portatile e un proiettore.
5240	Un uomo con un cappello da bowler e una camicia rossa sta camminando in un vicolo.
10242	Un uomo in camicia bianca e pantaloni neri sta camminando per una strada.
5767	Un uomo in camicia bianca e pantaloni neri sta lavorando ad un progetto di artigianato.
5261	Un uomo con una maglietta blu leggera e una donna con una maglietta blu sono sedute a un tavolo con una tovaglia rossa 
7996	Un uomo in kayak in acque accidentate.
5763	Un uomo con una camicia nera e dei pantaloni neri corre sulla spiaggia.
3724	Un uomo in camicia bianca e pantaloni neri sta camminando lungo un sentiero.
9042	Un gruppo di persone sta in piedi su una piattaforma della metropolitana e guardano la stessa direzione.
8870	Un uomo con gli occhiali da sole e una camicia nera sta mangiando.
2265	Un uomo in muta nera sta facendo surf su una tavola da surf.
7921	Un uomo con una maglietta blu leggera e una donna con una maglietta bianca e un uomo in camicia nera stanno camminando per 
2260	Un uomo in camicia bianca e occhiali da sole sta mangiando un panino.
4663	Una donna con una maglietta bianca e una gonna nera e una gonna nera corta e scintillante balla con una donna con un 
1117	Due bambini giocano in spiaggia.
3008	Un cane nero che corre sulla spiaggia.
7912	Un cane bianco e marrone che corre in un campo.
4981	Una donna con una maglietta blu sta mangiando una torta a un uomo in una maglietta bianca.
7549	Un uomo con una camicia nera e dei pantaloni neri salta in aria su una spiaggia.
6645	Un uomo in camicia bianca e pantaloni neri sta guardando qualcosa.
5056	Un bambino che dorme con una coperta rosa.
2615	Un bambino con una maglietta blu e dei pantaloni neri è seduto su un divano con una bottiglia di plastica.
9572	Un giocatore di basket che indossa ununiforme bianca e blu.
11516	Un uomo in camicia bianca e pantaloni neri sta facendo un trucco.
20457	Una donna con una maglietta blu sta mangiando.
15358	Un uomo in camicia bianca e pantaloni neri sta correndo una maratona.
19247	Una donna con un vestito bianco e un cappello bianco sta camminando per una strada.
14832	Un cane nero che corre sulla spiaggia.
18028	Un ragazzo con una maglietta rossa e dei pantaloni neri gioca con una palla da calcio.
17177	Un uomo con un cappello da pesca e una camicia da pesca è seduto su una roccia vicino allacqua.
12305	Un uomo in camicia blu e pantaloni neri sta camminando su un sentiero.
14736	Un uomo con un cappello da bowler e un cappello sta saltellando in un campo di fiori.
18764	Un uomo in camicia blu sta lavorando con un taglialegna.
17603	Una donna con un vestito bianco e un cappello bianco sta camminando per una strada.
11897	Un ragazzo con una maglietta blu sta guardando una telecamera.
11890	Un giocatore di calcio in maglietta verde e bianca che lancia una palla da calcio mentre altri guardano.
11466	Un giocatore di basket che indossa ununiforme bianca e blu.
20154	Un uomo in camicia bianca e pantaloni neri sta guardando un bambino che sta dormendo.
13085	Un uomo con gli occhiali da sole e una camicia nera sta mangiando.
14134	Un uomo con un cappello da baseball e una maglietta blu sta parlando con una donna con un vestito bianco.
10499	Una donna con i capelli rossi e una camicia nera sta mangiando.
15374	Un uomo e una donna in posa per una foto.
13992	Un uomo in camicia bianca e pantaloni neri sta guardando qualcosa.
20562	Una donna con i capelli rossi e una camicia nera sta guardando una telecamera.
16010	Un uomo con un cappello e una camicia a strisce è seduto su una roccia vicino allacqua.
13977	Un cane nero corre in un campo.
18979	Un cane bianco e marrone che corre in un campo.
14231	Un uomo e una donna sono seduti su una panchina del parco con un bambino che indossa un cappello da golf.
18723	Un bambino che gioca con una palla da calcio.
19174	Un uomo in camicia bianca e pantaloni neri sta guardando qualcosa.
17109	Un uomo con una maglietta nera e jeans blu sta suonando una chitarra e canta.
14786	Un uomo con un cappello da baseball sta lavorando con il suo bastone.
13580	Un uomo in camicia bianca e pantaloni neri sta praticando a colpire la palla con un uomo in maglietta bianca e un altro 
17963	Un uomo con un cappello da baseball sta guidando una bicicletta.
19122	Una donna con un cappello e una camicia a strisce bianche e nere e pantaloni marroni sta facendo un pisolino sul marciapiede.
10692	Un uomo con un cappello da cowboy e una camicia rossa sta spingendo un cavallo bianco su una strada sporca.
19857	Un uomo con un cappello nero e una giacca nera sta per strada.
12375	Un bambino in camicia rossa e pantaloni marroni è seduto su una roccia.
16063	Un uomo con un cappello rigido e una camicia nera sta guidando una moto.
16191	Una donna con una maglietta blu sta camminando sul marciapiede.
12293	Un uomo con un cappello da bowler e una camicia rossa sta guardando un altro uomo che tiene in mano un bicchiere di 
15774	Un uomo con un cappello nero e una giacca blu è in piedi accanto a un cartello di protesta.
12417	Un gruppo di persone che camminano su un sentiero di pietra.
17978	Un uomo in camicia bianca e pantaloni neri sta giocando a tennis.
20229	Un uomo con un cappello da baseball sta dormendo su una panchina.
13302	Un uomo in camicia nera e jeans blu è in piedi con una donna in camicia bianca.
14974	Una donna con una maglietta blu e un uomo con una maglietta blu sono in piedi con le braccia attorno.
14596	Un uomo in bicicletta salta su una collina sporca.
13516	Un cane bianco e nero che corre sulla neve.
16381	Un uomo in camicia bianca e pantaloni neri sta camminando per una strada.
18155	Un uomo in camicia bianca suona una chitarra acustica.
17933	Un gruppo di persone sedute a un tavolo a bere.
12212	Un gruppo di persone sta protestando per strada.
19071	Un uomo con un cappello da baseball sta spazzando lerba con un tagliaerba.
20459	Un gruppo di persone sedute a un tavolo da picnic con una donna che indossa una maglietta bianca e un cappello da baseball 
11906	Una donna con un vestito bianco e un cappello bianco sta ballando.
19005	Un uomo con un cappello da cowboy e un cavallo marrone che cerca di lassare una mucca.
18061	Un uomo con un cappello da baseball sta lavorando con macchinari complicati.
17655	Un uomo in camicia bianca e pantaloni neri sta guardando qualcosa.
11979	Un uomo in camicia bianca e occhiali da sole sta parlando a una donna in camicia bianca.
11124	Un uomo in camicia bianca e pantaloni neri sta guardando qualcosa.
17997	Un uomo con una camicia nera e dei pantaloni neri è seduto su una panchina di legno.
14072	Un gruppo di bambini sta guardando una ragazza che sta per giocare a dama.
17573	Un uomo in camicia bianca e pantaloni neri sta camminando per una strada.
10629	Un uomo in camicia nera e jeans sta suonando una chitarra acustica.
13990	Un cane bianco e marrone che corre in un campo.
13770	Una ragazzina con una maglietta blu sta mangiando un cono gelato.
17673	Un uomo in camicia bianca e pantaloni neri sta guardando un uomo in camicia bianca.
19609	Una donna con una maglietta blu e una gonna nera e una camicia nera con in mano un bicchiere di vino.
12441	Un uomo in camicia bianca e pantaloni neri sta guardando una donna in vestito nero che tiene in mano un sacchetto verde.
11656	Un uomo con un cappello nero e una giacca blu è in piedi accanto a un cartello.
20682	Un uomo in camicia bianca e pantaloni neri sta camminando per una strada.
15047	Un uomo in kayak in acque accidentate.
17346	Un gruppo di persone sta camminando lungo una strada affollata della città.
18418	Un gruppo di persone che camminano per strada.
16421	Un uomo con un cappello da baseball sta dormendo su una panchina.
14260	Un uomo con un cappello da bowler e una camicia rossa sta facendo una foto.
17945	Un uomo con un cappello da baseball sta guidando una bicicletta.
19545	Un uomo in camicia bianca e pantaloni neri sta camminando per una strada.
16070	Un uomo in moto che fa scoppiare un volante sulla sua bicicletta.
17630	Un uomo con una giacca nera e un casco nero è in piedi su una collina innevata.
16455	Un uomo in camicia bianca e pantaloni neri sta guardando qualcosa.
11963	Un uomo in bicicletta salta su una collina di neve.
17533	Un uomo con una camicia nera e un cappello blu suona una chitarra acustica.
15309	Un uomo con gli occhiali da sole e una camicia nera sta suonando la chitarra.
14626	Un gruppo di bambini sta guardando un uomo che sta tagliando un oggetto in un grande campo.
15878	Un uomo con una camicia nera e dei pantaloni neri corre sulla spiaggia.
15588	Una donna con un vestito bianco e un cappello bianco sta camminando per una strada.
13388	Un uomo con gli occhiali da sole e una maglietta blu sta mangiando.
16871	Un uomo in camicia bianca e pantaloni neri sta guardando qualcosa.
13543	Un cane bianco e marrone che salta in aria per prendere una palla.
14333	Un giocatore di baseball che batte la mazza per prendere la palla.
16888	Un gruppo di persone che guidano cammelli.
10620	Una donna con un vestito bianco e un uomo con una maglietta blu sono seduti a un tavolo con una tovaglia rossa.
16458	Un gruppo di bambini sta guardando una ragazza che sta facendo una foto.
12030	Un uomo in camicia bianca e pantaloni neri sta guardando qualcosa.
17347	Un uomo con un cappello da baseball e una maglietta blu sta parlando con una donna con un cappello da baseball.
19373	Un uomo in camicia bianca e pantaloni neri sta camminando per una strada.
15592	Un cane nero che nuota in acqua.
11747	Un cane nero corre sulla neve con una palla in bocca.
12058	Un uomo con un cappello da cowboy guida un cavallo marrone.
16395	Un uomo in camicia bianca e pantaloni neri sta camminando su un marciapiede.
10691	Un uomo con una camicia nera e una donna con una maglietta bianca e una gonna nera e una donna con una maglietta 
16090	Un uomo e una donna sono seduti su una panchina.
12902	Un uomo in camicia bianca e pantaloni neri sta saltando su un ostacolo.
12356	Un cane bianco e marrone che salta in aria per prendere una palla.
18994	Un uomo con un cappello da baseball sta lavorando con il legno.
16773	Un uomo in camicia bianca e pantaloni neri sta camminando per una strada.
20103	Un uomo in camicia bianca e pantaloni neri sta guardando qualcosa.
17731	Un uomo in camicia bianca e jeans blu sta fuori da un edificio.
15974	Una donna con una maglietta nera e una gonna rossa sta tenendo un discorso.
19356	Un uomo in camicia rossa sta facendo snowboard su una rampa.
14434	Un cane bianco e marrone che corre in un campo.
13276	Un uomo con un cappello da cowboy guida un cavallo marrone.
15834	Un uomo con un cappello da baseball sta lavorando con il legno.
18250	Un gruppo di persone sedute a un tavolo a bere.
10920	Un motociclista sporco che gira velocemente in discesa.
12334	Un cane nero che corre in un campo.
19830	Un uomo in camicia bianca e pantaloni neri sta camminando per una strada.
12366	Un uomo e una donna che giocano nella sabbia.
19738	Un uomo in camicia bianca e pantaloni neri sta camminando per una strada.
15219	Un uomo con una camicia nera e dei pantaloni neri salta su una rampa.
19435	Un uomo con un cappello da baseball sta dormendo su una panchina di fronte a un tavolo con del cibo.
12427	Un uomo con una maglietta blu e una donna con una maglietta bianca e una gonna nera e una donna con una maglietta 
13417	Un uomo in camicia bianca e pantaloni neri sta guardando un bambino che sta saltando in aria.
17202	Un uomo in camicia bianca e pantaloni neri sta camminando per una strada.
19508	Un uomo in camicia bianca e pantaloni neri sta camminando sul marciapiede.
18318	Un uomo con un cappello da baseball sta camminando sul marciapiede.
12813	Un uomo in camicia bianca e occhiali da sole sta parlando a un uomo in camicia bianca.
15759	Un uomo in camicia bianca e pantaloni neri sta guardando qualcosa.
17208	Un uomo con una camicia nera e una donna con una maglietta bianca e una gonna nera e una donna con una maglietta 
16631	Un uomo in camicia bianca e pantaloni neri sta camminando sul marciapiede.
20448	Un gruppo di persone sta guardando una donna in un bar.
15004	Un uomo in maglietta blu e pantaloni neri sta giocando a tennis.
13837	Un uomo con un cappello nero e una giacca blu è seduto su una sedia.
17652	Un gruppo di persone sta protestando per strada.
16880	Un uomo con un cappello rigido e una camicia blu sta guidando una bicicletta.
17940	Un uomo con una camicia rossa e un cappello da baseball sta guardando una telecamera.
19523	Un uomo con un cappello da baseball sta lavorando con il legno.
17661	Un uomo con una camicia nera e un cappello da baseball sta suonando una chitarra acustica.
13566	Un bambino in camicia rossa e pantaloni neri sta guardando un ragazzo in maglietta blu.
14495	Un uomo in camicia bianca e occhiali da sole sta parlando con un uomo in camicia bianca.
11152	Un uomo con un cappello da bowler e una camicia rossa sta facendo una foto.
14316	Una donna con una maglietta blu sta guardando una donna seduta su una sedia.
14490	Un gruppo di uomini e donne sono seduti a terra.
20390	Un uomo in camicia bianca e pantaloni neri sta camminando sul marciapiede.
17338	Una donna in bikini che cammina su una spiaggia rocciosa.
12542	Un uomo con una giacca nera e un cappello nero è in piedi su una montagna innevata.
15674	Un uomo in camicia bianca e pantaloni neri sta guardando un prodotto.
11283	Una donna con una maglietta blu e una gonna bianca e una gonna nera e una gonna rossa con un uomo in camicia 
17045	Un uomo con un cappello da baseball sta lavorando con il legno.
14479	Un cane nero corre sulla sabbia.
12486	Un cane bianco e nero salta su per prendere una palla da tennis.
16347	Un uomo in camicia bianca e pantaloni neri sta guardando qualcosa.
13170	Un giocatore di hockey in rosso sfida la palla mentre il giocatore in blu lo blocca.
14453	Una bambina con un vestito giallo è seduta su una panchina con un cane bianco e marrone.
12133	Un uomo in camicia bianca e pantaloni neri sta camminando su un marciapiede.
15061	Un uomo e una donna sono seduti su una panchina.
20139	Un uomo in camicia bianca e cappello da baseball sta suonando una chitarra acustica.
16048	Un uomo in bicicletta salta su una collina sporca.
15448	Un gruppo di persone sta camminando lungo un sentiero lungo un sentiero.
14599	Un uomo con un cappello da baseball sta spazzando il pavimento.
18998	Un gruppo di persone sedute su un molo che guarda lacqua.
20240	Un uomo in camicia nera e occhiali da sole sta parlando con un uomo in camicia bianca.
20656	Un ragazzo in maglietta blu sta guidando una bicicletta.
15410	Una donna con un vestito bianco e un cappello bianco sta camminando per una strada.
10788	Un uomo in camicia bianca e occhiali da sole sta parlando con un uomo in camicia bianca.
20016	Una donna con una maglietta blu sta guardando una donna in camicia bianca e un uomo in camicia nera che condividono un pasto.
17483	Una donna con una maglietta blu e dei pantaloni neri che gioca a badminton.
12245	Una donna con una maglietta nera e un uomo con una maglietta nera stanno ballando.
12994	Un cane bianco e marrone che corre sulla spiaggia.
19624	Un ragazzo in pantaloncini neri salta in una pozza dacqua.
11624	Un gruppo di persone sta camminando lungo una strada di pietra calcarea con un ombrello.
16715	Un uomo con un cappello da baseball sta spazzando la strada.
13916	Una ragazza con una maglietta rossa salta in aria con le braccia in aria.
15077	Un giocatore di football che indossa un maglietto rosso e bianco e nero e bianco colpisce un baseball.
14558	Un uomo con un cappello da baseball sta lavorando con il legno.
17822	Un cane nero che corre sulla spiaggia.
19075	Un uomo in camicia bianca e pantaloni neri sta guardando qualcosa.
15556	Un uomo in camicia bianca e pantaloni neri sta correndo una gara.
11207	Un uomo con un cappello da baseball sta lavorando con il suo carrello in un negozio.
12475	Un uomo con una giacca di pelle e un cappello nero che parla al cellulare.
11363	Un uomo in camicia bianca e occhiali da sole sta suonando una chitarra.
13744	Un uomo in camicia bianca e pantaloni neri sta camminando sul marciapiede.
16532	Un uomo con gli occhiali che indossa una camicia a strisce bianche e nere e un cappello da baseball sta guardando una telecamera.
18820	Un uomo in camicia nera e occhiali da sole sta parlando con un uomo in camicia bianca.
17057	Un uomo con gli occhiali e una camicia nera sta mangiando.
19639	Un uomo in camicia bianca e pantaloni neri sta camminando sul marciapiede.
12782	Un uomo in camicia bianca e pantaloni neri sta guardando qualcosa.
16638	Un bambino che indossa un cappello blu dinim e una maglietta a strisce blu e bianche con una striscia gialla e gialla sta 
19027	Un uomo in camicia bianca e pantaloni neri sta parlando a un gruppo di persone.
11400	Un uomo in camicia nera e occhiali da sole sta mangiando un panino.
11219	Un gruppo di persone sta guardando una donna seduta su una panchina.
11914	Un uomo con un cappello nero e una giacca blu è in piedi accanto a un muro con un cartello che dice Royal.
20005	Un uomo con un cappello nero e una giacca nera sta per prendere qualcosa.
17497	Un uomo con un cappello da baseball e una maglietta blu sta camminando.
19555	Un uomo con un cappello nero e una giacca blu è in piedi accanto a un cartello che dice Aloha.
19910	Un uomo con un cappello nero e una giacca blu è seduto su una panchina.
19263	Un giocatore di calcio in maglietta verde e bianca che calcia una palla.
14337	Una donna con una maglietta nera e un uomo con una maglietta blu sono seduti a un tavolo con una tovaglia rossa.
13135	Un cane bianco e nero che salta in aria per prendere una palla.
13724	Un uomo con un cappello da baseball e una maglietta blu sta parlando con una donna con una maglietta rossa.
17823	Un cane bianco e marrone che corre in un campo.
18731	Un uomo in camicia bianca e pantaloni neri sta suonando una chitarra.
11514	Un uomo con un cappello da baseball sta spazzando il pavimento.
18532	Un uomo in camicia nera e pantaloni neri sta facendo una postura a mano su un campo da golf.
13650	Un gruppo di persone sta protestando per strada.
16199	Un uomo in camicia bianca e occhiali da sole sta dormendo in un veicolo.
19471	Un uomo in camicia bianca e pantaloni neri sta camminando per una strada.
15176	Un uomo in camicia bianca e pantaloni neri sta giocando a tennis.
14332	Un cane bianco e marrone corre sullerba.
16992	Un uomo con un cappello da bowler e una giacca di pelle scolpita in piedi accanto a un cartello.
13197	Un uomo in camicia bianca e occhiali da sole sta parlando al microfono.
18425	Una donna con una maglietta blu e jeans blu sta facendo una foto.
17708	Un gruppo di persone sta attorno ad un uomo in maglietta blu.
11278	Un gruppo di persone sta protestando per strada.
13648	Un uomo con una giacca di salvataggio sta camminando su una montagna innevata.
20071	Un uomo con un cappello nero e una giacca blu è seduto su una sedia e guarda la TV.
20248	Un uomo con un cappello rigido sta lavorando su un pezzo di legno.
19384	Un uomo con un cappello nero e una giacca blu è in piedi accanto a un muro con un cartello che dice Royal.
12184	Un uomo con un cappello da baseball sta lavorando con macchinari complicati.
10577	Un cane bianco e nero che salta in aria per prendere una palla.
17031	Un uomo in camicia bianca e occhiali da sole sta parlando con un uomo in camicia bianca.
12969	Un uomo con un cappello da cowboy guida un cavallo marrone.
18426	Un gruppo di persone sedute a un tavolo con bicchieri di birra.
19724	Un gruppo di persone che giocano a football in un evento.
15792	Una ragazzina con un vestito giallo che salta in una piscina.
13785	Un cane bianco e marrone sta camminando in un campo.
18448	Un uomo con una maglietta nera e jeans blu sta suonando una chitarra e canta.
19772	Un uomo con un cappello da baseball sta parlando con un uomo in camicia bianca.
17903	Un uomo con un cappello da bowler e una camicia rossa sta guidando una bicicletta.
19478	Un uomo in camicia bianca e pantaloni neri sta camminando per una strada.
15457	Un uomo in camicia rossa e pantaloni neri sta praticando ginnastica su un pavimento di danza con una gamba alzata di fronte a 
17250	Un gruppo di persone sta camminando lungo un sentiero.
19834	Un uomo in camicia bianca e pantaloni neri sta camminando sul marciapiede.
16739	Un uomo in camicia bianca e occhiali da sole sta parlando al telefono.
10732	Un uomo in camicia bianca e pantaloni neri sta camminando per una strada.
18419	Un uomo con un casco bianco e una camicia rossa sta facendo snowboard su una rampa.
18310	Un uomo in spiaggia con una palla sulla spiaggia.
19037	Un bambino che dorme con una coperta rosa.
18666	Un uomo con una camicia nera e dei pantaloni neri salta in aria su una corda.
14582	Un uomo in camicia bianca e pantaloni neri sta lavorando ad un progetto di costruzione.
11234	Un uomo in camicia bianca e pantaloni neri sta ballando.
19277	Un uomo in camicia bianca e pantaloni neri sta guardando qualcosa.
19867	Un uomo in camicia rossa e pantaloni neri sta correndo una maratona.
12402	Un uomo con un cappello da cowboy guida un cavallo marrone.
12949	Un uomo con un cappello nero e una camicia nera suona la chitarra.
17510	Un uomo in camicia blu sta lavorando su un tetto.
15809	Un uomo e una donna che si abbracciano.
15186	Un uomo con una giacca nera e un cappello nero è in piedi su una montagna innevata.
11239	Un cane nero che nuota in acqua.
14042	Un bambino che gioca con una palla da calcio.
16049	Un uomo in camicia nera e pantaloni neri sta camminando sulla spiaggia.
11137	Un bambino che dorme con una coperta.
12853	Un gruppo di persone sedute su un albero.
18499	Un cane bianco e marrone corre sullerba.
10490	Un uomo con un cappello da baseball sta lavorando con macchinari complicati.
13629	Un uomo che nuota in piscina.
15138	Un uomo in bicicletta che fa un trucco in aria.
18146	Un uomo in camicia bianca e pantaloni neri sta guardando una donna in camicia bianca e un uomo in camicia bianca che si 
10666	Un uomo in camicia bianca e pantaloni neri sta guardando una donna in camicia bianca e pantaloni neri che si sta allentando.
11423	Un cane nero corre sulla neve.
16124	Un uomo in camicia rossa e pantaloni neri sta scalando una montagna.
15650	Una ragazza con un vestito bianco e dei sospegni darcobaleno che spuntano da un lago.
19348	Una donna con un vestito bianco e un cappello bianco sta camminando per una strada.
10575	Un uomo con un cappello nero e una giacca blu è in piedi accanto a un cartello.
14221	Un uomo con un cappello da baseball sta lavorando con il legno.
17983	Un uomo con un cappello da bowler e una camicia rossa sta parlando con un uomo in camicia bianca.
17194	Un uomo con un cappello nero e una giacca blu è in piedi accanto a un treno.
17714	Un cane bianco e marrone sta giocando con un cane bianco e nero.
17468	Un uomo con una camicia nera e un cappello rosso suona uno strumento.
12706	Un uomo in muta nera sta facendo surf su una tavola da surf.
15412	Un uomo in camicia rossa e jeans blu sta saltando su una corda.
19162	Un uomo in camicia bianca e pantaloni neri sta camminando per una strada.
17615	Un giocatore di calcio in maglietta bianca e pantaloni bianchi si sta preparando per lanciare la palla.
12178	Un uomo in camicia bianca e pantaloni neri sta giocando a tennis.
12508	Un uomo con un cappello da cowboy guida un cavallo marrone.
10858	Un uomo con una maglietta blu leggera e una donna con una maglietta nera e jeans blu stanno camminando per strada.
17071	Un uomo in camicia bianca e pantaloni neri sta guardando un prodotto.
17121	Un uomo in camicia bianca e pantaloni neri sta correndo una maratona.
20302	Un uomo con un cappello da bowler e una camicia rossa sta lavorando su una scultura di marmo.
15067	Un uomo con un cappello da baseball sta spazzando il pavimento.
17733	Un uomo e una donna sono seduti a un tavolo a bere.
17037	Una donna con una maglietta rossa e dei pantaloni neri sta giocando a tennis.
16996	Un uomo con una camicia nera e una donna con una maglietta blu sono in piedi tra la folla.
17376	Un uomo con un cappello da baseball sta dormendo su una panchina di fronte a un tavolo con del cibo.
11939	Un uomo in maglietta blu sta calciando una palla da calcio.
19643	Un uomo in camicia bianca e pantaloni neri sta camminando sul marciapiede.
15875	Un uomo in camicia bianca e pantaloni neri sta camminando sul marciapiede.
14721	Un cane bianco e nero che corre in un campo.
16416	Un uomo con un cappello da bowler e una camicia rossa suona la chitarra.
12084	Un uomo con un cappello da baseball è seduto su una sedia e guarda un corpo dacqua.
10925	Un ragazzo in pantaloncini neri salta in una piscina.
19929	Una donna con una maglietta blu e una gonna nera e una gonna nera e una camicia nera con in mano un bicchiere 
14570	Un uomo con un cappello nero e una giacca blu è in piedi accanto a un cartello che dice Aloha.
17772	Una donna con una maglietta blu e un ragazzo con una maglietta rossa sono seduti accanto a un tavolo con del cibo.
14773	Un bambino con gli occhiali è seduto in una stanza con una tovaglia blu.
11618	Un cane nero che corre sulla spiaggia.
14989	Un cane nero che corre in un campo.
10663	Un uomo con un cappello da baseball sta lavorando con il legno.
14164	Un ragazzo con una maglietta blu sta guidando una bicicletta.
20640	Una donna con una maglietta blu e una gonna nera e una gonna nera corta sta fumando.
12053	Un uomo in camicia bianca e pantaloni neri sta camminando su un marciapiede.
16989	Un uomo in camicia bianca e pantaloni neri sta camminando per una strada.
17669	Un uomo con un cappello da cowboy e una camicia rossa sta spingendo un cavallo bianco su una strada sporca.
14796	Un uomo e una donna sono seduti su una panchina.
20507	Un motociclista sporco che gira langolo.
12865	Un uomo in camicia rossa e pantaloni neri sta guidando una bicicletta.
20297	Un bambino che gioca con una palla da calcio.
14841	Una donna con una maglietta blu e un maglione blu sta parlando con un uomo in camicia nera.
12927	Un cane marrone corre sulla sabbia.
14690	Un uomo con un cappello da bowler e una camicia rossa sta facendo una foto.
12757	Un uomo in camicia bianca e occhiali da sole sta mangiando un panino.
11374	Una ragazzina con un vestito giallo che salta in aria.
12077	Un giocatore di baseball che indossa una maglietta bianca e pantaloni neri sta saltando su un ostacolo.
16600	Un uomo con una camicia a strisce bianche e nere e pantaloni marroni sta guardando un libro.
17750	Un uomo in camicia bianca e pantaloni neri sta camminando sul marciapiede.
14941	Un grande gruppo di persone sta protestando per una causa.
16810	Un uomo con gli occhiali che indossa una camicia a strisce bianche e nere e un cappello da baseball sta lavorando con il 
14117	Un uomo con un cappello da bowler e una camicia rossa sta facendo un trucco sulla sua skateboard.
16018	Un motociclista sporco che gira langolo.
20592	Un uomo e una donna stanno camminando in un campo.
19838	Un giocatore di calcio in maglietta bianca e pantaloni bianchi si sta preparando per lanciare la palla.
19354	Un uomo in camicia bianca e pantaloni neri sta camminando per una strada.
19896	Un uomo in camicia bianca e pantaloni neri sta camminando sul marciapiede.
14048	Un uomo con un cappello da baseball sta lavorando con macchinari complicati.
16938	Un uomo in camicia bianca e pantaloni neri sta camminando per una strada.
18584	Un gruppo di persone che camminano per strada.
16004	Un giocatore di football che indossa un maglietto rosso e bianco e nero e bianco colpisce un giocatore di football.
12947	Un bambino in maglietta blu sta giocando con una palla rossa.
15020	Un cane nero e un cane marrone che giocano nella neve.
10693	Una donna con una maglietta blu sta mangiando.
11086	Un uomo in camicia bianca e pantaloni neri sta facendo una foto.
25376	Un uomo in camicia bianca e pantaloni neri sta saltando su un ostacolo.
25637	Un uomo e una donna sono seduti a un tavolo a bere.
22317	Un uomo con un cappello da baseball sta camminando accanto a una bicicletta.
26697	Un uomo con un cappello da baseball sta guidando una bicicletta.
29043	Due uomini in uniformi da corsa che corrono su una pista.
29830	Un giocatore di tennis che indossa una maglietta blu e pantaloni bianchi si sta preparando per lanciare la palla.
20821	Un gruppo di bambini gioca a calcio su un campo.
23758	Un uomo con un cappello da bowler seduto su un tavolo con una tovaglia rossa.
22419	Un cane marrone corre attraverso un campo.
21067	Un uomo in camicia bianca e pantaloni neri sta camminando sulla spiaggia.
25987	Un bambino che gioca nella sabbia con una palla di neve.
21696	Un uomo in bicicletta salta su una collina sporca.
26906	Una donna con un vestito bianco e un uomo con una borsa nera sono seduti accanto ad un uomo con una maglietta nera.
26050	Un uomo con un cappello da cowboy e una maglietta blu sta parlando con un uomo in camicia bianca.
26645	Una donna con un vestito bianco e un vestito bianco con un rivestimento blu è in piedi davanti a un muro di cemento 
27250	Un uomo in camicia bianca e pantaloni neri sta camminando sulla spiaggia.
28480	Un bambino nudo è seduto su una roccia in un corpo dacqua.
20932	Un uomo con una maglietta blu e dei pantaloni neri sta facendo una foto.
25188	Una donna con una maglietta blu sta guardando una donna seduta su una sedia.
23560	Un uomo in camicia bianca e pantaloni neri sta guardando una donna in camicia bianca e pantaloni neri che si sta mettendo in 
22788	Un uomo in camicia bianca e pantaloni neri sta camminando per una strada.
23091	Un uomo con un cappello da bowler e una camicia rossa suona la chitarra.
23164	Un uomo con un cappello da bowler e una giacca di pelle nera sta suonando il saxofono.
26366	Un uomo in camicia bianca e pantaloni neri sta camminando per una strada.
23957	Un uomo in camicia bianca e pantaloni neri sta camminando per una strada.
29197	Un uomo in camicia bianca e occhiali da sole sta parlando al microfono.
23351	Una donna con una maglietta blu e una gonna nera e una gonna rossa con una sciarpa sulla testa è in piedi con 
29177	Un uomo con una camicia nera e dei pantaloni neri salta in aria su una bicicletta.
23756	Una ragazza in muta rosa e cappello nero che gioca in spiaggia.
24806	Un uomo e una donna sono seduti su una panchina.
28662	Un uomo con un cappello da cowboy guida un cavallo marrone.
27391	Un uomo con un cappello da baseball e una giacca di pelle nera e un cappello da baseball sta guardando una telecamera.
22118	Un uomo in camicia bianca e pantaloni neri sta camminando su un marciapiede.
28605	Un uomo in camicia bianca e pantaloni neri sta guardando qualcosa.
28767	Un uomo con un cappello da cowboy guida un cavallo marrone.
21510	Un uomo in camicia bianca e pantaloni neri sta camminando per una strada.
29323	Un uomo in camicia bianca e pantaloni neri sta lavorando ad un progetto di costruzione.
20709	Un uomo con una maglietta blu e una donna con una maglietta bianca e un cappello da baseball bianco stanno camminando per strada.
30660	Un cane bianco e marrone sta annusando un cane nero.
22223	Un uomo in camicia bianca e pantaloni neri sta camminando per una strada.
21635	Un uomo in camicia bianca e pantaloni neri sta guardando qualcosa.
21187	Un uomo con una camicia nera e una donna con una maglietta blu sono in piedi con le mani alzate.
24836	Un uomo in camicia nera e pantaloni neri sta guardando qualcosa.
28966	Un uomo con un cappello da costruzione arancione e un cappello blu si trova vicino ad un corpo dacqua.
28582	Un uomo in camicia bianca e pantaloni neri sta giocando a tennis.
26618	Una ragazzina in maglietta rosa e jeans blu sta saltando su una corda rossa.
22778	Un uomo con un cappello da baseball nero e una maglietta bianca che gioca a baseball.
28026	Un giocatore di basket che indossa un maglietto rosso e bianco mentre i fan della squadra opposta lo guardano.
25554	Un uomo in camicia bianca e pantaloni neri sta guardando un uomo in camicia bianca che sta raccontando una storia.
23252	Un gruppo di persone che camminano sul marciapiede.
24535	Un uomo con un cappello da cowboy guida un cavallo marrone.
25494	Un uomo con gli occhiali da sole e una camicia blu è seduto su una sedia.
28066	Un uomo in camicia bianca e pantaloni neri sta camminando sul marciapiede.
26084	Un uomo in camicia bianca e pantaloni neri sta camminando per una strada.
28955	Un uomo in camicia rossa sta facendo una corsa a mano su una bicicletta.
22548	Un cane nero corre sullerba.
30111	Un uomo con una camicia nera e una donna con una maglietta bianca e una gonna nera e una donna con una maglietta 
28139	Un uomo in camicia bianca e pantaloni neri sta camminando per una strada.
27733	Un uomo in camicia bianca e pantaloni neri sta giocando a pool.
23115	Un uomo in camicia bianca e pantaloni neri sta correndo una gara.
26598	Una donna con un vestito bianco e un cappello bianco sta camminando lungo una strada.
23107	Un uomo con un cappello da baseball sta lavorando con il legno.
27863	Un gruppo di persone che danzano.
21725	Un gruppo di persone che camminano sul marciapiede.
27168	Un uomo in camicia rossa e pantaloni neri sta facendo snowboard su una pista.
28470	Un uomo con gli occhiali che indossa una camicia rossa e un cappello da baseball sta guardando una telecamera.
27804	Un giocatore di calcio in maglietta bianca e verde calcia una palla.
28694	Un uomo in moto che corre in bicicletta stazionaria di fronte a una folla.
24181	Un uomo in bicicletta che attraversa una strada.
27671	Un uomo con una maglietta blu sta intervistando un uomo in maglietta bianca e nera a strisce.
22387	Un uomo in camicia bianca e pantaloni neri sta camminando per una strada.
28067	Un giocatore di football che indossa un maglietto rosso e bianco e bianco e nero salta su un ostacolo.
26984	Un uomo in camicia bianca e pantaloni neri sta camminando per una strada.
24315	Un uomo in bicicletta che fa trucchi di skateboarding.
23827	Un uomo con un cappello nero e una giacca nera sta guardando qualcosa.
29629	Un uomo in camicia bianca e pantaloni neri sta camminando per una strada.
29185	Un uomo in muta nera sta facendo surf su una tavola da surf.
28042	Un uomo in moto sta guidando una moto rossa.
21335	Una donna con un vestito bianco e un uomo con una borsa nera sono sul marciapiede.
30665	Un uomo in camicia bianca e pantaloni neri sta guardando qualcosa.
22383	Un uomo in camicia bianca e pantaloni neri sta guardando qualcosa.
24425	Un uomo in camicia bianca e pantaloni neri sta camminando per una strada.
22835	Un uomo in camicia bianca e pantaloni neri sta camminando su un marciapiede.
26440	Un gruppo di bambini sta guardando una ragazza con gli occhiali.
26682	Un uomo in camicia bianca e pantaloni neri sta correndo su una collina.
28893	Un gruppo di persone sta viaggiando su un autobus.
29108	Un gruppo di persone sta camminando lungo una strada di pietra calcarea con un ombrello.
28123	Un uomo e una donna che si abbracciano.
28570	Un uomo con gli occhiali e una camicia a strisce bianche e nere e un cappello da baseball è in piedi con le 
24846	Un uomo in camicia bianca e pantaloni neri sta camminando su un ponte.
29352	Un uomo con una maglietta nera e una donna con una maglietta bianca con un rivestimento rosso che si avvicinano ad un uomo 
27238	Un uomo con un cappello da baseball sta guidando una bicicletta.
22956	Un uomo in bicicletta che fa un trucco in aria.
30619	Un giocatore di baseball che batte la mazza per prendere la palla.
23986	Un uomo e una donna in posa per una foto.
24095	Un uomo in camicia bianca e pantaloni neri sta guardando qualcosa.
22847	Un uomo in camicia bianca e pantaloni neri sta camminando per una strada.
22115	Un uomo in camicia bianca e pantaloni neri sta camminando per una strada.
20858	Un uomo in camicia bianca e pantaloni neri sta camminando sul marciapiede.
29364	Un uomo e una donna che giocano a frisbee.
27682	Un gruppo di uomini che giocano a calcio su un campo.
29508	Un uomo in camicia bianca e pantaloni neri sta giocando a tennis.
28827	Un uomo con un cappello da baseball sta lavorando con il legno.
30503	Due giocatori di basket che guardano verso la palla.
23128	Un cane bianco e nero che salta in aria per prendere una palla.
22339	Una donna con una maglietta blu e una gonna nera e una gonna nera corta sta fumando.
24624	Un uomo con un cappello da baseball sta suonando una chitarra acustica.
22341	Un uomo con un cappello da baseball e una maglietta blu sta parlando con una donna con un cappello a straccia una camicia 
20898	Un uomo e una donna sono seduti su una panchina.
28240	Un uomo in camicia rossa e pantaloni neri sta facendo snowboard su una pista.
22554	Un uomo in camicia bianca e pantaloni neri sta camminando per una strada.
26843	Un uomo con un cappello nero e una giacca blu è in piedi accanto a un muro di cemento.
26806	Un uomo con un cappello da baseball sta lavorando con il legno.
23280	Un uomo e una donna in posa per una foto.
22998	Un gruppo di persone sta protestando per strada.
21121	Un uomo con una camicia nera e un cappello da baseball sta suonando una chitarra acustica.
25952	Una donna con i capelli rossi e una camicia nera sta facendo una foto con una macchina fotografica.
29862	Un cane bianco e marrone che salta in aria.
26049	Un uomo in bicicletta che attraversa una strada.
27321	Un gruppo di persone che camminano per strada.
27636	Un giocatore di calcio in maglietta bianca e verde calcia una palla gialla.
28328	Un gruppo di persone sedute a un tavolo a bere.
24495	Un uomo in camicia bianca e pantaloni neri sta camminando per una strada.
22258	Un cowboy che corre un cavallo a strascico.
30105	Un uomo in bicicletta che salta su una collina sporca.
26536	Un cane bianco e marrone che corre in un campo.
27303	Un gruppo di persone che suonano strumenti.
26512	Un uomo con un cappello rigido arancione e un gilet arancione sta lavorando su un tetto con un martello.
26352	Una donna con i capelli scuri e una camicia marrone sta guardando un libro.
22478	Un uomo in camicia bianca e pantaloni neri sta camminando per una strada.
28005	Un giocatore di baseball che batte la mazza per prendere la palla.
26370	Un uomo con un cappello da baseball sta lavorando ad una scultura di ghiaccio.
30456	Un uomo con un cappello nero e una giacca blu è in piedi accanto a un cartello.
25470	Una donna con un vestito bianco e un cappello bianco sta camminando per una strada.
21219	Un uomo con un cappello da baseball e una maglietta blu sta camminando.
25516	Un uomo in camicia bianca e pantaloni neri sta guardando un bambino che dorme con un cuscino.
20832	Un uomo con una camicia nera e dei pantaloni neri che balla in un parco.
29791	Un uomo in camicia bianca e pantaloni neri sta giocando a pool.
30549	Un uomo con un cappello da bowler e una camicia rossa sta facendo una foto.
30285	Un giocatore di football che indossa un maglietto rosso e bianco e bianco e nero salta su un giocatore con luniforme rossa.
25753	Un bambino che gioca con un giocattolo di plastica.
23070	Un uomo in camicia bianca e pantaloni neri sta guardando un bambino che sta cercando di arrampicarsi su una recinzione di metallo.
29250	Un gruppo di persone sedute a un tavolo a bere.
22870	Un uomo in camicia bianca e pantaloni neri sta camminando per una strada.
25315	Un uomo in camicia bianca e pantaloni neri sta guardando qualcosa.
28885	Un uomo con gli occhiali da sole e una camicia nera sta mangiando.
27872	Un giocatore di calcio in maglietta verde e bianca che lancia una palla da calcio mentre un altro giocatore di calcio salta in 
27457	Un uomo con una maglietta blu leggera e una donna con una maglietta blu sono sedute a un tavolo con una tovaglia rossa.
21996	Un uomo in camicia bianca e pantaloni neri sta camminando per una strada.
29357	Un giocatore di hockey che indossa un casco e un casco nero.
24244	Un uomo con un cappello nero e una giacca blu è in piedi accanto a un cartello di protesta.
23205	Un uomo in bicicletta che guarda un uomo in bicicletta.
27495	Un uomo in bicicletta che attraversa una strada.
29636	Un uomo in camicia bianca e pantaloni neri sta guardando qualcosa.
28246	Un uomo con una camicia nera e dei pantaloni neri sta facendo snowboard su una pendenza.
20981	Un uomo con un cappello da baseball sta lavorando con un grande pezzo di legno.
23098	Un uomo in camicia bianca e pantaloni neri sta parlando con un uomo in camicia bianca.
26982	Una donna con una maglietta blu sta guardando una donna seduta su una sedia.
26256	Un uomo in camicia bianca e pantaloni neri sta usando un martello.
28873	Un gruppo di persone che giocano a basket in una palestra.
23509	Un uomo in camicia bianca e pantaloni neri sta giocando a tennis.
23502	Una donna con una maglietta blu e una gonna nera e una gonna rossa con una borsa nera e una sciarpa rossa con 
29772	Un ragazzo in maglietta blu sta giocando con una palla.
30557	Un uomo in camicia bianca e pantaloni neri sta guardando qualcosa.
20946	Un gruppo di persone sta protestando per strada.
25479	Un giocatore di baseball che batte la mazza per prendere la palla.
29087	Un uomo in camicia bianca e pantaloni neri sta camminando per una strada.
24829	Un uomo in camicia bianca e pantaloni neri sta correndo una maratona.
27726	Un giocatore di calcio in maglietta verde e bianca che calcia una palla.
21764	Un uomo in camicia bianca e pantaloni neri sta camminando per una strada.
23240	Un uomo in camicia bianca e pantaloni neri sta guardando qualcosa.
21597	Un uomo con un cappello da bowler e una giacca di pelle nera che passa accanto a un cartello che dice Chiusa.
23144	Un uomo in camicia bianca e pantaloni neri sta camminando per una strada.
29952	Un uomo con una maglietta blu leggera e una donna con una maglietta bianca e un cappello da baseball bianco stanno camminando per 
26142	Un bambino che gioca con una palla rossa.
29916	Un uomo in camicia bianca e occhiali da sole sta parlando con un uomo in camicia bianca.
23686	Un uomo con gli occhiali che lavora su un pezzo di legno.
22425	Un uomo con un casco bianco e un gilet nero che guida una moto.
26094	Un giocatore di calcio che indossa un maglietto bianco e rosso e una fascia blu sta prendendo una palla da calcio su un 
22098	Un uomo in bicicletta che fa un trucco in aria.
24277	Un uomo in camicia bianca e pantaloni neri sta guardando una donna in camicia bianca e pantaloni neri in piedi con un uomo 
22193	Un uomo con un cappello da baseball sta lavorando con il suo carrello in un mercato.
23006	Un uomo con un cappello da baseball sta guidando una bicicletta.
24457	Un uomo con gli occhiali da sole e una camicia nera sta mangiando.
24974	Un gruppo di persone che camminano per strada.
29380	Un bambino che dorme con una coperta rosa.
21423	Un uomo in camicia bianca e pantaloni neri sta guardando qualcosa.
23345	Un uomo con una maglietta blu e una donna con una maglietta bianca e un cappello da Chicago stanno camminando per una strada.
22776	Un uomo in camicia bianca e pantaloni neri sta guardando qualcosa.
29608	Un uomo con una camicia nera e un cappello nero suona una tastiera elettronica.
30781	Un gruppo di persone sta camminando per una strada affollata.
21778	Un uomo con un cappello da baseball sta fermo sugli alberi in cima a una montagna.
22594	Un cane bianco e marrone corre sullerba.
23965	Un uomo con una camicia nera e dei pantaloni neri che si muove in avanti con un bambino in giacca rossa.
22613	Un uomo in camicia bianca e pantaloni neri sta guardando qualcosa.
22163	Una donna con una maglietta blu e jeans seduta su una panchina.
22651	Un uomo in camicia bianca e pantaloni neri sta guardando un uomo in camicia bianca che si avvicina a un uomo in camicia 
23713	Un uomo con un cappello da cowboy e un cavallo che indossa una camicia rossa e un cappello da cowboy bianco e nero 
24350	Un uomo con un cappello da cowboy guida un cavallo marrone.
30236	Un gruppo di persone sta correndo una maratona.
27988	Un uomo in camicia bianca e pantaloni neri sta camminando per una strada.
28923	Un giocatore di baseball che batte un goal.
28661	Un gruppo di persone sedute a un tavolo a bere.
22078	Un uomo in camicia bianca e pantaloni neri sta guardando qualcosa.
25456	Un cane bianco e nero che salta su un ostacolo.
24043	Un uomo in camicia bianca e pantaloni neri sta guardando qualcosa.
22994	Un uomo in camicia bianca e pantaloni neri sta guardando qualcosa.
29480	Un uomo in camicia bianca e occhiali da sole sta suonando una chitarra.
22476	Un uomo in camicia bianca e pantaloni neri sta guardando qualcosa.
26969	Un uomo in camicia bianca e pantaloni neri sta camminando per una strada.
25316	Un bambino in maglietta blu sta giocando con un cane bianco e nero.
24476	Un uomo con un cappello da baseball e una maglietta blu sta camminando sul marciapiede.
26946	Una donna con una maglietta blu sta guardando una donna seduta su una sedia.
30943	Un cane bianco e nero che salta in una piscina.
22953	Un uomo con un cappello da pesca e una camicia blu è seduto su una roccia vicino allacqua.
30942	Un uomo in camicia bianca e pantaloni neri sta guardando un uomo in camicia bianca che si avvicina a un uomo in camicia 
22968	Un uomo con un cappello da bowler e una camicia rossa sta facendo una foto.
29632	Un cane bianco e marrone che salta in aria per prendere una palla.
30674	Un uomo in camicia bianca e pantaloni neri sta guardando qualcosa.
30201	Un uomo con una camicia rossa e dei pantaloni neri sta facendo snowboard su una pista.
26615	Una donna con una maglietta blu e un uomo con una maglietta blu sono in piedi con le braccia attorno.
29301	Un uomo con un cappello da bowler e un cappello bianco sta lavorando su un tetto.
22865	Un gruppo di persone che camminano su un sentiero di pietra.
26015	Un uomo in bicicletta che fa un trucco in aria.
25583	Un uomo con il casco nero e una donna con una maglietta rossa che corrono in bicicletta su una strada sterrata.
25626	Un uomo con una camicia rossa e dei pantaloni neri sta camminando per una strada.
30065	Un uomo in camicia bianca e pantaloni neri sta parlando con un uomo in camicia bianca.
29489	Un uomo con un cappello rigido e una camicia nera sta lavorando su una scultura di sabbia.
25058	Un uomo in camicia bianca e pantaloni neri sta camminando su un marciapiede.
23863	Un uomo in camicia bianca e pantaloni neri sta camminando per una strada.
26411	Un gruppo di persone sta camminando lungo una sentiera di montagna.
22254	Un uomo con un cappello da bowler e una giacca di pelle nera che passa accanto a un cartello che dice Chiusa.
24521	Un uomo con un cappello da bowler e una camicia rossa suona un saxofono.
28068	Un uomo in camicia bianca e pantaloni neri sta giocando a tennis.
22067	Un uomo con una camicia nera e una donna con una maglietta bianca e una gonna nera e una donna con una maglietta 
28978	Un uomo in kayak in acqua.
26419	Un uomo in camicia bianca e occhiali da sole sta parlando con un uomo in camicia bianca.
30384	Un giocatore di basket che indossa ununiforme bianca e blu e un giocatore bianco con una mazza rossa e bianca che si prepara 
26407	Una donna con una maglietta blu sta mangiando una torta a un uomo in una maglietta bianca.
23724	Un uomo in camicia bianca e pantaloni neri sta camminando per una strada.
25541	Un uomo con un cappello da bowler e una camicia nera sta lavorando ad un progetto di rimodellamento.
21530	Un uomo con un cappello da baseball sta lavorando ad una scultura di ghiaccio.
23850	Un gruppo di persone che si divertono a bere.
26377	Un uomo con un cappello da baseball sta lavorando con macchinari complicati.
22389	Un uomo in camicia bianca e pantaloni neri sta camminando per una strada.
28063	Un bambino che gioca con una palla rossa.
24517	Un uomo con un cappello da cowboy guida un cavallo marrone.
28113	Un uomo in camicia rossa e pantaloni neri sta saltando su un ostacolo.
27817	Un uomo con gli occhiali che lavora su un computer portatile.
25776	Un uomo in camicia bianca e pantaloni neri sta camminando sul marciapiede.
20740	Una ragazzina in maglietta rosa e jeans blu sta saltando su una corda rossa.
26160	Un uomo in kayak in mare aperto.
29754	Una donna con un vestito bianco e un uomo con una maglietta blu sono seduti su una panchina.
28389	Un uomo con un cappello da cowboy guida un cavallo marrone.
25525	Un uomo con un cappello da baseball sta aiutando un altro uomo con un cappello da cowboy.
29944	Un uomo con un cappello da baseball sta spazzando lerba con un cane.
20891	Un gruppo di persone che camminano insieme.
26922	Un uomo con un cappello e una camicia a strascico si trova vicino ad un corpo dacqua.
25763	Un uomo in camicia bianca e pantaloni neri sta camminando sul marciapiede.
22860	Un motociclista sporco che gira langolo.
22751	Un uomo in camicia bianca e pantaloni neri sta giocando a un gioco di carte.
23617	Un uomo in camicia bianca e pantaloni neri sta camminando per una strada.
22327	Un uomo con una maglietta blu e una donna con una maglietta bianca e una gonna nera e una donna con una maglietta 
30652	Un gruppo di persone sta campeggiando intorno ad un fuoco.
24145	Una donna con una maglietta blu sta guardando una donna in camicia bianca e un uomo in camicia nera sono seduti a un 
21381	Un gruppo di persone che vanno in bicicletta per strada.
28142	Un bambino che dorme con un jumper blu.
30480	Un giocatore di calcio in maglietta bianca e pantaloni bianchi si sta preparando per lanciare la palla.
25133	Un uomo in camicia bianca e pantaloni neri sta camminando per una strada.
30494	Un uomo con un cappello da baseball sta guidando una bicicletta.
25986	Un uomo in muta blu sta facendo surf su una tavola bianca.
24271	Un bambino che gioca con una pistola giocattolo.
22334	Un uomo con un cappello da bowler e una camicia rossa sta lavorando ad un progetto di rimodellamento.
27048	Un gruppo di bambini sta giocando con un adulto.
21580	Un gruppo di persone sta protestando per strada.
23346	Un uomo con un cappello bianco e una camicia rossa sta guidando una moto rossa.
24071	Una donna con una maglietta blu e un uomo con una maglietta blu sono seduti su una panchina.
30664	Un uomo con un cappello da cowboy bianco e nero con una camicia nera sta per colpire una palla da tennis.
27240	Un uomo con una camicia nera e un cappello da baseball sta suonando una chitarra acustica.
23790	Un uomo in camicia bianca e pantaloni neri sta camminando per una strada.
21544	Un uomo con un cappello da bowler e una camicia rossa suona la chitarra.
26998	Un uomo in camicia bianca e pantaloni neri sta camminando per una strada.
28819	Un uomo con una camicia nera e dei pantaloni neri salta in aria su una tavola da surf.
27025	Un uomo in camicia bianca e pantaloni neri sta parlando con un uomo in camicia bianca.
27830	Una donna con una maglietta blu e un uomo con una maglietta bianca e dei pantaloni neri camminano lungo una strada affollata.
29010	Un uomo con un cappello da baseball nero e una camicia nera sta per colpire una palla da tennis.
21498	Un gruppo di persone sta protestando per strada.
29354	Un uomo in bicicletta che fa trucchi di skateboarding.
25918	Un uomo in camicia bianca e pantaloni neri sta facendo una postura a mano su un molo.
23099	Un uomo in camicia bianca e pantaloni neri sta parlando a un uomo in camicia bianca con in mano un bicchiere di vino.
28057	Un giocatore di baseball che batte un goal.
26446	Un uomo con un cappello da bowler e una camicia rossa sta lavorando su un tetto con un martello.
23065	Un uomo con un cappello da baseball sta misurando un altro uomo con un cappello da cowboy bianco a terra.
20934	Un uomo in spiaggia con una palla da spiaggia.
26393	Un uomo e una donna sono seduti su una panchina.
26133	Un uomo con una camicia nera e dei pantaloni neri salta in aria su una corda.
21105	Un uomo con un cappello nero e una giacca blu è in piedi accanto a un cartello.
25820	Una donna con una maglietta blu e un uomo con una maglietta blu sono seduti su una panchina.
30893	Un uomo in camicia bianca e pantaloni neri sta camminando per una strada.
24863	Un uomo e una donna sono in bicicletta su una strada.
25149	Un uomo in camicia bianca e pantaloni neri sta guardando un uomo in camicia bianca che sta raccontando una storia.
26039	Un giocatore di basket che indossa ununiforme bianca e blu e un giocatore bianco con una mazza da baseball si sta piegando per 
22440	Un uomo con un cappello da baseball sta aiutando un altro uomo con un cappello da cowboy.
25069	Un gruppo di persone sedute a un tavolo a bere birre.
21222	Un uomo e una donna sono seduti su una panchina.
24327	Un uomo in camicia bianca e pantaloni neri sta camminando per una strada.
22886	Un uomo in camicia bianca e pantaloni neri sta camminando sul marciapiede.
25819	Un uomo con una camicia nera e un microfono è in piedi accanto a un microfono.
24777	Una donna con un vestito bianco e un cappello bianco sta ballando.
24169	Una donna con un vestito bianco e un cappello bianco sta camminando per una strada.
30283	Un giocatore di baseball che batte la mazza per prendere la palla.
21900	Un uomo con un cappello nero e una giacca blu è in piedi accanto a un cartello che dice Aloha.
22755	Una donna con una maglietta blu sta guardando una donna seduta su una panchina.
25795	Un uomo in camicia bianca e pantaloni neri sta camminando per una strada.
30843	Un uomo con un cappello nero e una giacca blu è in piedi accanto a un cartello.
26846	Un uomo con una camicia nera e un cappello da baseball sta suonando una chitarra acustica.
24545	Un uomo in camicia bianca e pantaloni neri sta camminando per una strada.
25235	Un uomo in camicia bianca e pantaloni neri sta guardando qualcosa.
21799	Un uomo e una donna seduti su una panchina.
30542	Un uomo con un cappello da bowler e una camicia rossa sta facendo snowboard su una pista.
21127	Un gruppo di persone sta camminando lungo una sentiera di montagna.
22145	Un uomo in camicia blu e pantaloni neri sta camminando su un sentiero di ghiaia.
28041	Un uomo e una donna sono seduti su una panchina.
22042	Un uomo in camicia bianca e cappello verde suona una chitarra rossa.
29084	Un uomo in maglietta blu sta calciando una palla da calcio.
22892	Una ragazza con un vestito bianco e dei pantaloni neri salta in aria con le braccia aperte davanti a lei in una piscina.
22678	Un gruppo di persone sta camminando lungo una strada di pietra.
29424	Un giocatore di calcio in maglietta bianca e pantaloni bianchi sta per lanciare la palla.
21301	Un bambino che gioca con una pistola giocattolo.
28879	Un uomo con un cappello da baseball e una maglietta blu sta lavorando su un tetto.
